id,user_id,created_at
O0001,U001,2025-07-06T14:59:47Z
O0002,U001,2025-07-06T14:59:47Z
O0003,U001,2025-07-06T14:59:47Z
O0004,U002,2025-07-06T14:59:47Z
O0005,U002,2025-07-06T14:59:47Z
O0006,U004,2025-07-06T14:59:47Z
O0007,U005,2025-07-06T14:59:47Z
O0008,U006,2025-07-06T14:59:47Z
O0009,U006,2025-07-06T14:59:47Z
O0010,U006,2025-07-06T14:59:47Z
O0011,U007,2025-07-06T14:59:47Z
O0012,U007,2025-07-06T14:59:47Z
O0013,U007,2025-07-06T14:59:47Z
O0014,U008,2025-07-06T14:59:47Z
O0015,U008,2025-07-06T14:59:47Z
O0016,U008,2025-07-06T14:59:47Z
O0017,U009,2025-07-06T14:59:47Z
O0018,U010,2025-07-06T14:59:47Z
O0019,U010,2025-07-06T14:59:47Z
O0020,U011,2025-07-06T14:59:47Z
O0021,U011,2025-07-06T14:59:47Z
O0022,U011,2025-07-06T14:59:47Z
O0023,U012,2025-07-06T14:59:47Z
O0024,U012,2025-07-06T14:59:47Z
O0025,U012,2025-07-06T14:59:47Z
O0026,U012,2025-07-06T14:59:47Z
O0027,U014,2025-07-06T14:59:47Z
O0028,U014,2025-07-06T14:59:47Z
O0029,U014,2025-07-06T14:59:47Z
O0030,U014,2025-07-06T14:59:47Z
O0031,U016,2025-07-06T14:59:47Z
O0032,U016,2025-07-06T14:59:47Z
O0033,U016,2025-07-06T14:59:47Z
O0034,U016,2025-07-06T14:59:47Z
O0035,U017,2025-07-06T14:59:47Z
O0036,U018,2025-07-06T14:59:47Z
O0037,U018,2025-07-06T14:59:47Z
O0038,U019,2025-07-06T14:59:47Z
O0039,U019,2025-07-06T14:59:47Z
O0040,U019,2025-07-06T14:59:47Z
O0041,U020,2025-07-06T14:59:47Z
O0042,U020,2025-07-06T14:59:47Z
O0043,U022,2025-07-06T14:59:47Z
O0044,U023,2025-07-06T14:59:47Z
O0045,U023,2025-07-06T14:59:47Z
O0046,U023,2025-07-06T14:59:47Z
O0047,U024,2025-07-06T14:59:47Z
O0048,U024,2025-07-06T14:59:47Z
O0049,U024,2025-07-06T14:59:47Z
O0050,U024,2025-07-06T14:59:47Z
O0051,U025,2025-07-06T14:59:47Z
O0052,U026,2025-07-06T14:59:47Z
O0053,U026,2025-07-06T14:59:47Z
O0054,U026,2025-07-06T14:59:47Z
O0055,U027,2025-07-06T14:59:47Z
O0056,U027,2025-07-06T14:59:47Z
O0057,U029,2025-07-06T14:59:47Z
O0058,U029,2025-07-06T14:59:47Z
O0059,U029,2025-07-06T14:59:47Z
O0060,U029,2025-07-06T14:59:47Z
O0061,U030,2025-07-06T14:59:47Z
O0062,U030,2025-07-06T14:59:47Z
O0063,U030,2025-07-06T14:59:47Z
